{
    "ar_ip": "127.0.0.1",
    "server_udp_port": 48528,
    "positioning_speed": {
        "rotation": 20.0,
        "move": 0.2
    },
    "position": [
        -0.619341254234314,
        0.2711784839630127,
        -0.19161370396614075
    ],
    "rotation": [
        0.0,
        -184.52456665039062,
        0.0
    ]
}