{
    "ar_ip": "127.0.0.1",
    "server_udp_port": 48528,
    "position": [
        -0.4348202347755432,
        0.25687453150749207,
        0.09084518253803253
    ],
    "rotation": [
        0.0,
        -42.02162551879883,
        0.0
    ]
}