{
    "ar_ip": "127.0.0.1",
    "server_udp_port": 48529,
    "custom_config_path": "../hakoniwa-unity-drone-model/DTwinAppleSilicon/custom.json",
    "adjustments": {
        "yaw": 2.0,
        "vertical": 2.0,
        "horizontal": 2.0,
        "forward_and_back": 2.0
    },
    "position": [
        -0.9964404246643193,
        1.1147973982287145,
        1.0340641239632258
    ],
    "rotation": [
        0,
        268.596530559177,
        0
    ]
}