{
    "ar_ip": "127.0.0.1",
    "server_udp_port": 48529,
    "positioning_speed": {
        "rotation": 10.0,
        "move": 0.1
    },
    "position": [
        -0.9964404246643193,
        1.1147973982287145,
        1.0340641239632258
    ],
    "rotation": [
        0,
        268.596530559177,
        0
    ]
}