{
    "web_ip": "127.0.0.1",
    "ar_ip": "127.0.0.1",
    "ar_port": 38528,
    "my_port": 48528,
    "position": [
        1.9673606148536211,
        1.9080583851608555,
        1.48669430535547
    ],
    "rotation": [
        0,
        -92.51939030177827,
        0
    ]
}