{
    "web_ip": "192.168.2.100",
    "ar_ip": "192.168.2.102",
    "adjustments": {
        "yaw": 2.0,
        "vertical": 2.0,
        "horizontal": 2.0,
        "forward_and_back": 2.0
    },
    "ar_port": 38528,
    "my_port": 48528,
    "custom_config_path": "../hakoniwa-unity-drone-model/custom.json",
    "position": [
        -1.0065866880285075,
        1.038612040875718,
        1.1989998014472882
    ],
    "rotation": [
        0,
        -58.49554849893174,
        0
    ]
}