{
    "web_ip": "192.168.2.100",
    "ar_ip": "192.168.2.109",
    "adjustments": {
        "yaw": 2.0,
        "vertical": 2.0,
        "horizontal": 2.0,
        "forward_and_back": 2.0
    },
    "ar_port": 38528,
    "my_port": 48528,
    "custom_config_path": "../hakoniwa-unity-drone-model/DTwinAppleSilicon/custom.json",
    "position": [
        -0.9964404246643193,
        1.1147973982287145,
        1.0340641239632258
    ],
    "rotation": [
        0,
        268.596530559177,
        0
    ]
}